timestamp,simple-path,time
2021-06-28 00:35:19.926,/master/welcome,216
2021-06-28 00:35:44.68,/master/welcome,153
2021-06-28 00:35:44.897,/master/welcome,157
2021-06-28 00:35:45.051,/master/welcome,142
2021-06-28 00:35:46.033,/administrator/dashboard/show,518
2021-06-28 00:35:46.194,/master/welcome,151
2021-06-28 00:35:46.527,/master/welcome,137
2021-06-28 00:35:46.672,/master/welcome,133
2021-06-28 00:35:47.631,/administrator/dashboard/show,523
2021-06-28 00:35:47.821,/master/welcome,163
2021-06-28 00:35:52.244,/master/welcome,202
2021-06-28 00:35:52.837,/anonymous/shout/create,525
2021-06-28 00:35:53.513,/master/welcome,529
2021-06-28 00:35:54.074,/anonymous/shout/list,518
2021-06-28 00:35:54.466,/master/welcome,129
2021-06-28 00:35:55.025,/anonymous/shout/create,516
2021-06-28 00:35:55.668,/master/welcome,521
2021-06-28 00:35:56.223,/anonymous/shout/list,514
2021-06-28 00:35:56.605,/master/welcome,138
2021-06-28 00:35:57.164,/anonymous/shout/create,516
2021-06-28 00:35:57.807,/master/welcome,520
2021-06-28 00:35:58.359,/anonymous/shout/list,515
2021-06-28 00:35:58.708,/master/welcome,127
2021-06-28 00:35:59.292,/anonymous/shout/create,540
2021-06-28 00:35:59.431,/master/welcome,130
2021-06-28 00:36:00.407,/administrator/dashboard/show,519
2021-06-28 00:36:00.758,/master/welcome,170
2021-06-28 00:36:04.901,/master/welcome,176
2021-06-28 00:36:16.193,/master/welcome,142
2021-06-28 00:36:16.766,/anonymous/shout/create,522
2021-06-28 00:36:17.42,/master/welcome,519
2021-06-28 00:36:17.976,/anonymous/shout/list,515
2021-06-28 00:36:18.365,/master/welcome,147
2021-06-28 00:36:18.923,/anonymous/shout/create,517
2021-06-28 00:36:19.56,/master/welcome,521
2021-06-28 00:36:20.169,/anonymous/shout/list,554
2021-06-28 00:36:20.575,/master/welcome,136
2021-06-28 00:36:21.134,/anonymous/shout/create,517
2021-06-28 00:36:21.782,/master/welcome,519
2021-06-28 00:36:22.335,/anonymous/shout/list,515
2021-06-28 00:36:22.71,/master/welcome,146
2021-06-28 00:36:23.271,/anonymous/shout/create,518
2021-06-28 00:36:23.866,/anonymous/shout/create,519
2021-06-28 00:36:24.006,/master/welcome,125
2021-06-28 00:36:24.601,/anonymous/shout/create,552
2021-06-28 00:36:25.219,/anonymous/shout/create,522
2021-06-28 00:36:25.363,/master/welcome,132
2021-06-28 00:36:25.922,/anonymous/shout/create,516
2021-06-28 00:36:26.537,/anonymous/shout/create,522
2021-06-28 00:36:26.683,/master/welcome,131
2021-06-28 00:36:27.236,/anonymous/shout/create,514
2021-06-28 00:36:27.868,/anonymous/shout/create,524
2021-06-28 00:36:28.018,/master/welcome,134
2021-06-28 00:36:28.593,/anonymous/shout/create,535
2021-06-28 00:36:29.275,/anonymous/shout/create,531
2021-06-28 00:36:29.416,/master/welcome,127
2021-06-28 00:36:29.973,/anonymous/shout/create,517
2021-06-28 00:36:30.612,/anonymous/shout/create,518
2021-06-28 00:36:30.758,/master/welcome,131
2021-06-28 00:36:31.315,/anonymous/shout/create,516
2021-06-28 00:36:32.074,/anonymous/shout/create,518
2021-06-28 00:36:32.221,/master/welcome,131
2021-06-28 00:36:32.786,/anonymous/shout/create,519
2021-06-28 00:36:33.502,/anonymous/shout/create,519
